{
    "p0": 1.2,
    "p1": 1.8,
    "p2": 2.1,
    "p3": 0.824,
    "p4": -0.827,
    "p5": 1.63,
    "p6": -3.44,
    "p7": 1.61,
    "p8": -3.44,
    "p9": 1.57,
    "p10": -3.26,
    "p11": 0.01356825,
    "p12": 0.30213422,
    "p13": 0.07899986612879367,
    "p14": 0.01867218,
    "p15": 0.28836762,
    "p16": 0.13369095244315454,
    "p17": 0.01134555,
    "p18": 0.2368385,
    "p19": 0.06697236304669639,
    "p20": 0.45657109,
    "p21": -0.2367410149228702,
    "p22": 0.32107542,
    "p23": -0.20247014575942673
}